<Ui xmlns="http://www.blizzard.com/wow/ui/"   xmlns:xsi="http://www.w3.org/2001/XMLSchema-instance"   xsi:schemaLocation="http://www.blizzard.com/wow/ui/">

	<!--Default Files-->
	<Script file="Difficultys.lua"/>
	<Script file="Utils.lua"/>
	<Script file="Filter.lua"/>
    <Script file="TextParsing.lua"/>
    <Script file="Options.lua"/>
    <Script file="LootButtons.lua"/>
	<Script file="MapData.lua"/>
    <Script file="Maps.lua"/>
	<Script file="Launchers.lua"/>
	<Script file="WishList.lua"/>
	<Script file="SearchAdvanced.lua"/>
    <Script file="Search.lua"/>
	<Script file="PatchNotes.lua"/>
	<Script file="VanityCollection.lua"/>
	<Script file="LootTableCreation.lua"/>
	<Script file="ProfessionUtils.lua"/>
    <Script file="ItemFrame.lua"/>
	<Script file="Skin.lua"/>
</Ui>

